{"DAYS ON MARKET":{"BATHS":{"1.0":1,"1.5":2,"2.0":3,"2.0924856662750244":4,"2.5":5,"3.0":6,"3.5":7,"4.0":8,"4.5":9,"5.0":10,"6.0":11,"6.5":12,"7.5":13,"8.0":14,"9.0":15,"10.5":16,"16.0":17},"BEDS":{"0.0":1,"1.0":2,"2.0":3,"2.607449769973755":4,"3.0":5,"4.0":6,"5.0":7,"6.0":8,"7.0":9,"8.0":10,"9.0":11,"11.0":12,"13.0":13},"FAVORITE":{"N":1},"INTERESTED":{"Y":1},"NEXT OPEN HOUSE START TIME":{"January-4-2023 11:30 AM":1,"January-5-2023 01:30 PM":2,"January-5-2023 02:00 PM":3,"January-5-2023 02:15 PM":4,"January-7-2023 01:00 PM":5,"January-7-2023 11:00 AM":6,"January-7-2023 12:00 PM":7,"January-7-2023 12:45 PM":8,"January-8-2023 01:00 PM":9,"January-8-2023 01:30 PM":10,"January-8-2023 02:00 PM":11,"January-8-2023 03:00 PM":12,"January-8-2023 11:00 AM":13,"January-8-2023 11:30 AM":14,"January-8-2023 12:00 PM":15,"January-8-2023 12:30 PM":16,"No_data":17},"PROPERTY TYPE":{"Co-op":1,"Condo\/Co-op":2,"Multi-Family (2-4 Unit)":3,"Multi-Family (5+ Unit)":4,"Single Family Residential":5,"Townhouse":6,"Vacant Land":7},"SALE TYPE":{"MLS Listing":1},"SOURCE":{"BNYMLS":1,"OneKey":2,"REBNY":3,"SIBORMLS":4},"STATE OR PROVINCE":{"NY":1},"STATUS":{"Active":1,"Pre On-Market":2}}}